-- phpMyAdmin SQL Dump
-- https://www.phpmyadmin.net/
--
-- Host: 127.0.0.1


SET SQL_MODE = "NO_AUTO_VALUE_ON_ZERO";
START TRANSACTION;
SET time_zone = "+00:00";


/*!40101 SET @OLD_CHARACTER_SET_CLIENT=@@CHARACTER_SET_CLIENT */;
/*!40101 SET @OLD_CHARACTER_SET_RESULTS=@@CHARACTER_SET_RESULTS */;
/*!40101 SET @OLD_COLLATION_CONNECTION=@@COLLATION_CONNECTION */;
/*!40101 SET NAMES utf8mb4 */;

--
-- Database: `ericforever`
--

-- --------------------------------------------------------

--
-- Table structure for table `brands`
--

CREATE TABLE `brands` (
  `id` varchar(255) COLLATE utf8mb4_unicode_ci NOT NULL,
  `name` varchar(100) COLLATE utf8mb4_unicode_ci DEFAULT NULL,
  `created_at` timestamp NULL DEFAULT NULL,
  `updated_at` timestamp NULL DEFAULT NULL
) ENGINE=InnoDB DEFAULT CHARSET=utf8mb4 COLLATE=utf8mb4_unicode_ci;

--
-- Dumping data for table `brands`
--

INSERT INTO `brands` (`id`, `name`, `created_at`, `updated_at`) VALUES
('0', 'Balmain.', '2021-01-17 14:36:49', '2021-01-17 14:36:49'),
('1', 'Clavin Clain', '2021-01-17 14:36:49', '2021-01-17 14:36:49'),
('135423277', 'DKNY', '2021-01-17 14:36:49', '2021-01-17 14:36:49'),
('1964593', 'Emilio Pucci', '2021-01-17 14:36:49', '2021-01-17 14:36:49'),
('1984', 'Fila', '2021-01-17 14:36:49', '2021-01-17 14:36:49'),
('20071759', 'Givenchi', '2021-01-17 14:36:49', '2021-01-17 14:36:49'),
('2369733', 'Guess', '2021-01-17 14:36:49', '2021-01-17 14:36:49'),
('26179602', 'LEGO', '2021-01-17 14:36:49', '2021-01-17 14:36:49'),
('29', 'Levis', '2021-01-17 14:36:49', '2021-01-17 14:36:49'),
('318117', 'Marni', '2021-01-17 14:36:49', '2021-01-17 14:36:49'),
('33596907', 'MonnaLisa', '2021-01-17 14:36:49', '2021-01-17 14:36:49'),
('380068', 'Parrot', '2021-01-17 14:36:49', '2021-01-17 14:36:49'),
('4', 'SANTORO', '2021-01-17 14:36:49', '2021-01-17 14:36:49'),
('40372', 'SLOW', '2021-01-17 14:36:49', '2021-01-17 14:36:49'),
('40794863', 'Versace', '2021-01-17 14:36:49', '2021-01-17 14:36:49'),
('42', 'Puma', '2021-01-17 14:36:49', '2021-01-17 14:36:49'),
('434', 'Nike', '2021-01-17 14:36:49', '2021-01-17 14:36:49'),
('4658', 'Miffy', '2021-01-17 14:36:49', '2021-01-17 14:36:49'),
('47', 'Lacoste', '2021-01-17 14:36:49', '2021-01-17 14:36:49'),
('47609530', 'Happy Socks', '2021-01-17 14:36:49', '2021-01-17 14:36:49'),
('4853', 'Gucci', '2021-01-17 14:36:49', '2021-01-17 14:36:49'),
('4989', 'Barbie', '2021-01-17 14:36:49', '2021-01-17 14:36:49'),
('5', 'Band of boys', '2021-01-17 14:36:49', '2021-01-17 14:36:49'),
('50944933', 'Boss', '2021-01-17 14:36:49', '2021-01-17 14:36:49'),
('53', 'Buzz Retail', '2021-01-17 14:36:49', '2021-01-17 14:36:49'),
('59798', 'Casacarta', '2021-01-17 14:36:49', '2021-01-17 14:36:49'),
('6', 'Colors of California', '2021-01-17 14:36:49', '2021-01-17 14:36:49'),
('601709936', 'Dolly', '2021-01-17 14:36:49', '2021-01-17 14:36:49'),
('60550', 'Eleven Paris', '2021-01-17 14:36:49', '2021-01-17 14:36:49'),
('614232', 'I love Plum', '2021-01-17 14:36:49', '2021-01-17 14:36:49'),
('7', 'Krio Color', '2021-01-17 14:36:49', '2021-01-17 14:36:49'),
('7076', 'Lund London', '2021-01-17 14:36:49', '2021-01-17 14:36:49'),
('722278', 'Molo', '2021-01-17 14:36:49', '2021-01-17 14:36:49'),
('75', 'Mushie', '2021-01-17 14:36:49', '2021-01-17 14:36:49'),
('85749064', 'Moschino', '2021-01-17 14:36:49', '2021-01-17 14:36:49'),
('873336188', 'Nikolia', '2021-01-17 14:36:49', '2021-01-17 14:36:49'),
('875602', 'Olga Valentine', '2021-01-17 14:36:49', '2021-01-17 14:36:49'),
('88827101', 'Petit Collin', '2021-01-17 14:36:49', '2021-01-17 14:36:49'),
('8884', 'Printworks', '2021-01-17 14:36:49', '2021-01-17 14:36:49'),
('90070438', 'Sebra', '2021-01-17 14:36:49', '2021-01-17 14:36:49'),
('910535478', 'Ratatam', '2021-01-17 14:36:49', '2021-01-17 14:36:49'),
('917', 'Party Deco', '2021-01-17 14:36:49', '2021-01-17 14:36:49'),
('930', 'Nil Mon', '2021-01-17 14:36:49', '2021-01-17 14:36:49'),
('93976219', 'Mayoral', '2021-01-17 14:36:49', '2021-01-17 14:36:49'),
('953038', 'iTotal', '2021-01-17 14:36:49', '2021-01-17 14:36:49'),
('955648139', 'Design Letters', '2021-01-17 14:36:49', '2021-01-17 14:36:49'),
('97611814', 'Bling 20', '2021-01-17 14:36:49', '2021-01-17 14:36:49'),
('983023592', 'Add', '2021-01-17 14:36:49', '2021-01-17 14:36:49'),
('989462', 'Aston Martin', '2021-01-17 14:36:49', '2021-01-17 14:36:49'),
('99965387', 'Balmain', '2021-01-17 14:36:49', '2021-01-17 14:36:49');

-- --------------------------------------------------------

--
-- Table structure for table `failed_jobs`
--

CREATE TABLE `failed_jobs` (
  `id` bigint(20) UNSIGNED NOT NULL,
  `uuid` varchar(255) COLLATE utf8mb4_unicode_ci NOT NULL,
  `connection` text COLLATE utf8mb4_unicode_ci NOT NULL,
  `queue` text COLLATE utf8mb4_unicode_ci NOT NULL,
  `payload` longtext COLLATE utf8mb4_unicode_ci NOT NULL,
  `exception` longtext COLLATE utf8mb4_unicode_ci NOT NULL,
  `failed_at` timestamp NOT NULL DEFAULT current_timestamp()
) ENGINE=InnoDB DEFAULT CHARSET=utf8mb4 COLLATE=utf8mb4_unicode_ci;

-- --------------------------------------------------------

--
-- Table structure for table `migrations`
--

CREATE TABLE `migrations` (
  `id` int(10) UNSIGNED NOT NULL,
  `migration` varchar(255) COLLATE utf8mb4_unicode_ci NOT NULL,
  `batch` int(11) NOT NULL
) ENGINE=InnoDB DEFAULT CHARSET=utf8mb4 COLLATE=utf8mb4_unicode_ci;

--
-- Dumping data for table `migrations`
--

INSERT INTO `migrations` (`id`, `migration`, `batch`) VALUES
(1, '2014_10_12_000000_create_users_table', 1),
(2, '2014_10_12_100000_create_password_resets_table', 1),
(3, '2019_08_19_000000_create_failed_jobs_table', 1),
(4, '2021_01_17_010457_create_brands_table', 2),
(5, '2021_01_17_011029_create_products_table', 3),
(6, '2021_01_17_205649_create_orders_table', 4);

-- --------------------------------------------------------

--
-- Table structure for table `orders`
--

CREATE TABLE `orders` (
  `id` bigint(20) UNSIGNED NOT NULL,
  `total_product_value` double(15,2) NOT NULL DEFAULT 0.00,
  `total_shipping_value` double(15,2) NOT NULL DEFAULT 0.00,
  `client_name` varchar(100) COLLATE utf8mb4_unicode_ci DEFAULT NULL,
  `client_address` text COLLATE utf8mb4_unicode_ci DEFAULT NULL,
  `created_at` timestamp NULL DEFAULT NULL,
  `updated_at` timestamp NULL DEFAULT NULL
) ENGINE=InnoDB DEFAULT CHARSET=utf8mb4 COLLATE=utf8mb4_unicode_ci;

--
-- Dumping data for table `orders`
--

INSERT INTO `orders` (`id`, `total_product_value`, `total_shipping_value`, `client_name`, `client_address`, `created_at`, `updated_at`) VALUES
(1, 4780.36, 58.00, 'Americo Conde', '21212', '2021-01-17 16:29:39', '2021-01-17 16:29:39'),
(2, 4780.36, 23.00, 'Americo Conde', 'Americo Conde', '2021-01-17 16:31:20', '2021-01-17 16:31:20'),
(3, 4780.36, 86.00, 'Americo Conde', '2123121', '2021-01-17 16:34:18', '2021-01-17 16:34:18'),
(4, 4780.36, 1.00, 'Americo Conde', 'New York', '2021-01-17 16:38:34', '2021-01-17 16:38:34'),
(5, 4780.36, 3.00, 'Americo Conde', 'arasvrgwedv', '2021-01-17 16:39:03', '2021-01-17 16:39:03'),
(6, 4780.36, 1.00, 'Americo Conde', 'test', '2021-01-17 16:39:51', '2021-01-17 16:39:51'),
(7, 299.54, 10.00, 'Americo Conde', 'Addrw', '2021-01-17 16:41:19', '2021-01-17 16:41:19'),
(8, 299.54, 10.00, 'Americo Conde', 'abc', '2021-01-17 16:43:24', '2021-01-17 16:43:24'),
(9, 299.54, 10.00, 'Americo Conde', 'qwqws', '2021-01-17 16:44:11', '2021-01-17 16:44:11'),
(10, 299.54, 10.00, 'Americo Conde', '123', '2021-01-17 16:44:40', '2021-01-17 16:44:40'),
(11, 1589.61, 10.00, 'Americo Conde', 'Peru', '2021-01-17 16:46:27', '2021-01-17 16:46:27'),
(12, 1589.61, 10.00, 'Americo Conde', '123456789', '2021-01-17 16:48:22', '2021-01-17 16:48:22'),
(13, 1589.61, 10.00, 'Americo Conde', 'adddress', '2021-01-17 16:49:57', '2021-01-17 16:49:57'),
(14, 1138.44, 10.00, 'Americo Conde', 'My Address', '2021-01-18 01:47:16', '2021-01-18 01:47:16');

-- --------------------------------------------------------

--
-- Table structure for table `password_resets`
--

CREATE TABLE `password_resets` (
  `email` varchar(255) COLLATE utf8mb4_unicode_ci NOT NULL,
  `token` varchar(255) COLLATE utf8mb4_unicode_ci NOT NULL,
  `created_at` timestamp NULL DEFAULT NULL
) ENGINE=InnoDB DEFAULT CHARSET=utf8mb4 COLLATE=utf8mb4_unicode_ci;

-- --------------------------------------------------------

--
-- Table structure for table `products`
--

CREATE TABLE `products` (
  `id` varchar(255) COLLATE utf8mb4_unicode_ci NOT NULL,
  `name` varchar(100) COLLATE utf8mb4_unicode_ci DEFAULT NULL,
  `price` double(8,2) NOT NULL DEFAULT 0.00,
  `brandid` varchar(255) COLLATE utf8mb4_unicode_ci DEFAULT NULL,
  `created_at` timestamp NULL DEFAULT NULL,
  `updated_at` timestamp NULL DEFAULT NULL
) ENGINE=InnoDB DEFAULT CHARSET=utf8mb4 COLLATE=utf8mb4_unicode_ci;

--
-- Dumping data for table `products`
--

INSERT INTO `products` (`id`, `name`, `price`, `brandid`, `created_at`, `updated_at`) VALUES
('10072', 'Jacket', 13.94, '59798', '2021-01-17 14:36:51', '2021-01-17 14:36:51'),
('10360', 'Blouse', 473.82, '6', '2021-01-17 14:36:52', '2021-01-17 14:36:52'),
('1055312', 'Shirt', 299.54, '50944933', '2021-01-17 14:36:51', '2021-01-17 14:36:51'),
('106', 'Pants', 433.75, '4', '2021-01-17 14:36:50', '2021-01-17 14:36:50'),
('10674', 'Socks', 478.62, '601709936', '2021-01-17 14:36:51', '2021-01-17 14:36:51'),
('1087', 'Dress', 624.22, '614232', '2021-01-17 14:36:51', '2021-01-17 14:36:51'),
('110097192', 'Coat', 146.14, '875602', '2021-01-17 14:36:52', '2021-01-17 14:36:52'),
('1106516', 'Pea Coat', 965.39, '0', '2021-01-17 14:36:50', '2021-01-17 14:36:50'),
('11228', 'Trench Coat', 118.37, '90070438', '2021-01-17 14:36:51', '2021-01-17 14:36:51'),
('1131527', 'Vest', 253.54, '910535478', '2021-01-17 14:36:51', '2021-01-17 14:36:51'),
('1135483', 'Gown', 704.69, '917', '2021-01-17 14:36:51', '2021-01-17 14:36:51'),
('114751094', 'Shorts', 417.50, '97611814', '2021-01-17 14:36:52', '2021-01-17 14:36:52'),
('11533', 'Cap', 407.94, '97611814', '2021-01-17 14:36:51', '2021-01-17 14:36:51'),
('116387', 'Hat', 348.40, '4658', '2021-01-17 14:36:52', '2021-01-17 14:36:52'),
('116692', 'Baseball Cap', 445.37, '59798', '2021-01-17 14:36:51', '2021-01-17 14:36:51'),
('117', 'Bowler', 375.12, '917', '2021-01-17 14:36:51', '2021-01-17 14:36:51'),
('12066', 'Fedora', 764.67, '4', '2021-01-17 14:36:50', '2021-01-17 14:36:50'),
('12113', 'Beret', 343.67, '614232', '2021-01-17 14:36:49', '2021-01-17 14:36:49'),
('1249', 'Cowboy Hat', 472.38, '47609530', '2021-01-17 14:36:51', '2021-01-17 14:36:51'),
('126933', 'Praesentium.', 164.06, '88827101', '2021-01-17 14:36:51', '2021-01-17 14:36:51'),
('127477925', 'Sailor Hat', 540.81, '5', '2021-01-17 14:36:52', '2021-01-17 14:36:52'),
('127662', 'Tube Top', 227.25, '875602', '2021-01-17 14:36:52', '2021-01-17 14:36:52'),
('129', 'Skirt', 949.94, '953038', '2021-01-17 14:36:50', '2021-01-17 14:36:50'),
('13', 'Trousers', 802.30, '4', '2021-01-17 14:36:51', '2021-01-17 14:36:51'),
('13268', 'Dress', 460.61, '75', '2021-01-17 14:36:50', '2021-01-17 14:36:50'),
('13345', 'Pants', 60.98, '8884', '2021-01-17 14:36:50', '2021-01-17 14:36:50'),
('133847', 'Cap', 628.31, '7076', '2021-01-17 14:36:51', '2021-01-17 14:36:51'),
('1357752', 'Shoes', 218.92, '380068', '2021-01-17 14:36:50', '2021-01-17 14:36:50'),
('13790208', 'Boots', 621.09, '318117', '2021-01-17 14:36:50', '2021-01-17 14:36:50'),
('138', 'High Boots', 755.55, '135423277', '2021-01-17 14:36:50', '2021-01-17 14:36:50'),
('13978', 'Winter Boots', 342.59, '4853', '2021-01-17 14:36:52', '2021-01-17 14:36:52'),
('140047', 'Coat', 644.98, '4', '2021-01-17 14:36:50', '2021-01-17 14:36:50'),
('142081995', 'Pea Coat', 304.26, '93976219', '2021-01-17 14:36:52', '2021-01-17 14:36:52'),
('1422489', 'Fedora', 807.46, '90070438', '2021-01-17 14:36:51', '2021-01-17 14:36:51'),
('142571', 'Baseball Cap', 908.41, '955648139', '2021-01-17 14:36:51', '2021-01-17 14:36:51'),
('14275332', 'Trainers', 267.94, '50944933', '2021-01-17 14:36:51', '2021-01-17 14:36:51'),
('143207', 'Sneakers', 790.83, '4989', '2021-01-17 14:36:52', '2021-01-17 14:36:52'),
('143678', 'Boots', 774.72, '8884', '2021-01-17 14:36:50', '2021-01-17 14:36:50'),
('145644212', 'Pants', 754.59, '59798', '2021-01-17 14:36:51', '2021-01-17 14:36:51'),
('14903', 'Dress', 184.94, '50944933', '2021-01-17 14:36:52', '2021-01-17 14:36:52'),
('16', 'Fedora', 139.94, '85749064', '2021-01-17 14:36:50', '2021-01-17 14:36:50'),
('164454489', 'Shorts', 572.60, '29', '2021-01-17 14:36:52', '2021-01-17 14:36:52'),
('16629', 'Cap', 307.03, '60550', '2021-01-17 14:36:50', '2021-01-17 14:36:50'),
('166942367', 'Pants', 982.46, '955648139', '2021-01-17 14:36:52', '2021-01-17 14:36:52'),
('175092', 'Shoes', 366.64, '50944933', '2021-01-17 14:36:50', '2021-01-17 14:36:50'),
('178372', 'Boots', 657.90, '1', '2021-01-17 14:36:51', '2021-01-17 14:36:51'),
('180334752', 'Dress', 512.23, '614232', '2021-01-17 14:36:52', '2021-01-17 14:36:52'),
('1805', 'Pea Coat', 738.91, '20071759', '2021-01-17 14:36:51', '2021-01-17 14:36:51'),
('18118', 'Trainers', 867.22, '29', '2021-01-17 14:36:51', '2021-01-17 14:36:51'),
('183', 'Blouse', 266.47, '0', '2021-01-17 14:36:50', '2021-01-17 14:36:50'),
('18333', 'T-shirt', 25.25, '983023592', '2021-01-17 14:36:50', '2021-01-17 14:36:50'),
('1857801', 'Shirt', 815.17, '99965387', '2021-01-17 14:36:51', '2021-01-17 14:36:51'),
('19', 'T-shirt', 184.48, '29', '2021-01-17 14:36:50', '2021-01-17 14:36:50'),
('19142015', 'Pants', 448.12, '8884', '2021-01-17 14:36:52', '2021-01-17 14:36:52'),
('1923', 'Sneakers', 250.90, '910535478', '2021-01-17 14:36:52', '2021-01-17 14:36:52'),
('19653573', 'Shoes', 680.33, '917', '2021-01-17 14:36:50', '2021-01-17 14:36:50'),
('199890680', 'Vest', 83.74, '135423277', '2021-01-17 14:36:51', '2021-01-17 14:36:51'),
('2', 'Poncho', 577.78, '59798', '2021-01-17 14:36:51', '2021-01-17 14:36:51'),
('200', 'Winter Coat', 500.88, '88827101', '2021-01-17 14:36:52', '2021-01-17 14:36:52'),
('20103404', 'Pants', 240.51, '4989', '2021-01-17 14:36:52', '2021-01-17 14:36:52'),
('202', 'Pants', 142.46, '40372', '2021-01-17 14:36:52', '2021-01-17 14:36:52'),
('208032', 'Vest', 567.02, '875602', '2021-01-17 14:36:52', '2021-01-17 14:36:52'),
('21', 'Shoes', 571.28, '33596907', '2021-01-17 14:36:51', '2021-01-17 14:36:51'),
('2136', 'Boots', 52.81, '59798', '2021-01-17 14:36:52', '2021-01-17 14:36:52'),
('220219', 'Winter Boots', 213.54, '955648139', '2021-01-17 14:36:50', '2021-01-17 14:36:50'),
('22075929', 'Cap', 44.93, '85749064', '2021-01-17 14:36:50', '2021-01-17 14:36:50'),
('221485', 'Baseball Cap', 62.35, '1984', '2021-01-17 14:36:51', '2021-01-17 14:36:51'),
('22873', 'Vest', 741.30, '33596907', '2021-01-17 14:36:50', '2021-01-17 14:36:50'),
('23', 'Shorts', 954.35, '85749064', '2021-01-17 14:36:50', '2021-01-17 14:36:50'),
('2302389', 'Pants', 358.31, '917', '2021-01-17 14:36:51', '2021-01-17 14:36:51'),
('23386', 'Dress', 834.05, '26179602', '2021-01-17 14:36:51', '2021-01-17 14:36:51'),
('2356', 'Winter Coat', 229.07, '8884', '2021-01-17 14:36:52', '2021-01-17 14:36:52'),
('236', 'Baseball Cap', 459.55, '434', '2021-01-17 14:36:51', '2021-01-17 14:36:51'),
('23812', 'Temporibus nesciunt.', 86.10, '601709936', '2021-01-17 14:36:51', '2021-01-17 14:36:51'),
('2394', 'Eum odio voluptatem.', 286.50, '930', '2021-01-17 14:36:50', '2021-01-17 14:36:50'),
('240', 'Odit praesentium.', 413.59, '1984', '2021-01-17 14:36:51', '2021-01-17 14:36:51'),
('2400', 'Rem delectus sit.', 736.87, '8884', '2021-01-17 14:36:50', '2021-01-17 14:36:50'),
('246', 'Aut nostrum harum.', 145.01, '40372', '2021-01-17 14:36:49', '2021-01-17 14:36:49'),
('2485', 'Ut eum inventore ex.', 44.64, '0', '2021-01-17 14:36:52', '2021-01-17 14:36:52'),
('250565', 'Nulla consectetur.', 742.93, '4989', '2021-01-17 14:36:50', '2021-01-17 14:36:50'),
('2525735', 'Omnis enim qui.', 123.38, '601709936', '2021-01-17 14:36:50', '2021-01-17 14:36:50'),
('2589883', 'Sit quo nisi.', 937.83, '875602', '2021-01-17 14:36:52', '2021-01-17 14:36:52'),
('26035304', 'Laboriosam tempore.', 45.71, '917', '2021-01-17 14:36:51', '2021-01-17 14:36:51'),
('26077', 'Dolorem voluptas.', 681.99, '93976219', '2021-01-17 14:36:50', '2021-01-17 14:36:50'),
('261765130', 'Fugit minus quis.', 61.39, '601709936', '2021-01-17 14:36:51', '2021-01-17 14:36:51'),
('264679', 'Illum quidem.', 349.89, '93976219', '2021-01-17 14:36:52', '2021-01-17 14:36:52'),
('2654', 'Dolor odio ullam.', 448.32, '875602', '2021-01-17 14:36:49', '2021-01-17 14:36:49'),
('268', 'Libero dicta.', 184.26, '33596907', '2021-01-17 14:36:50', '2021-01-17 14:36:50'),
('2739188', 'Eaque veritatis.', 132.62, '97611814', '2021-01-17 14:36:52', '2021-01-17 14:36:52'),
('274', 'Eos unde sit vel.', 388.20, '88827101', '2021-01-17 14:36:52', '2021-01-17 14:36:52'),
('27716', 'Illum quibusdam.', 484.55, '930', '2021-01-17 14:36:52', '2021-01-17 14:36:52'),
('28', 'Fugit voluptates.', 308.04, '917', '2021-01-17 14:36:51', '2021-01-17 14:36:51'),
('28088644', 'Nobis nemo et.', 88.66, '59798', '2021-01-17 14:36:51', '2021-01-17 14:36:51'),
('2811', 'Voluptas quod velit.', 371.91, '5', '2021-01-17 14:36:50', '2021-01-17 14:36:50'),
('281519', 'Veritatis ipsa fuga.', 87.61, '989462', '2021-01-17 14:36:51', '2021-01-17 14:36:51'),
('2822811', 'Voluptatem.', 112.43, '50944933', '2021-01-17 14:36:50', '2021-01-17 14:36:50'),
('285941', 'Dolores et quae id.', 912.78, '29', '2021-01-17 14:36:50', '2021-01-17 14:36:50'),
('2868', 'Quaerat quis.', 966.74, '4989', '2021-01-17 14:36:52', '2021-01-17 14:36:52'),
('289', 'Est consequatur.', 81.37, '917', '2021-01-17 14:36:49', '2021-01-17 14:36:49'),
('289461077', 'Recusandae non.', 340.93, '6', '2021-01-17 14:36:50', '2021-01-17 14:36:50'),
('289492097', 'Et consequatur eos.', 687.34, '59798', '2021-01-17 14:36:52', '2021-01-17 14:36:52'),
('29161326', 'Minima quibusdam.', 91.87, '930', '2021-01-17 14:36:51', '2021-01-17 14:36:51'),
('29773841', 'Ut deserunt officia.', 781.64, '318117', '2021-01-17 14:36:50', '2021-01-17 14:36:50'),
('298', 'Quibusdam ipsum.', 874.78, '930', '2021-01-17 14:36:51', '2021-01-17 14:36:51'),
('29817739', 'Et enim et rerum ut.', 316.35, '953038', '2021-01-17 14:36:51', '2021-01-17 14:36:51'),
('3', 'Aperiam est est.', 936.52, '1', '2021-01-17 14:36:50', '2021-01-17 14:36:50'),
('303515736', 'Voluptas in at sint.', 526.88, '873336188', '2021-01-17 14:36:51', '2021-01-17 14:36:51'),
('30392', 'Aspernatur alias.', 570.33, '873336188', '2021-01-17 14:36:50', '2021-01-17 14:36:50'),
('306287', 'Corporis cumque.', 164.08, '0', '2021-01-17 14:36:52', '2021-01-17 14:36:52'),
('306367806', 'Sunt velit animi.', 626.33, '2369733', '2021-01-17 14:36:52', '2021-01-17 14:36:52'),
('30765', 'Tempora quibusdam.', 830.49, '7076', '2021-01-17 14:36:50', '2021-01-17 14:36:50'),
('307810810', 'Dicta quis qui.', 676.27, '6', '2021-01-17 14:36:49', '2021-01-17 14:36:49'),
('30796', 'Magnam dolore aut.', 624.17, '42', '2021-01-17 14:36:52', '2021-01-17 14:36:52'),
('308', 'Odio quam corrupti.', 276.81, '930', '2021-01-17 14:36:51', '2021-01-17 14:36:51'),
('3082', 'Molestiae quis eos.', 487.65, '7', '2021-01-17 14:36:49', '2021-01-17 14:36:49'),
('30846671', 'Optio voluptas in.', 670.91, '50944933', '2021-01-17 14:36:52', '2021-01-17 14:36:52'),
('31111674', 'Quae ut mollitia.', 702.76, '601709936', '2021-01-17 14:36:51', '2021-01-17 14:36:51'),
('311997', 'Ad labore est culpa.', 685.75, '47609530', '2021-01-17 14:36:52', '2021-01-17 14:36:52'),
('312', 'Est amet doloribus.', 998.89, '7', '2021-01-17 14:36:51', '2021-01-17 14:36:51'),
('31287560', 'Natus qui et esse.', 958.11, '910535478', '2021-01-17 14:36:50', '2021-01-17 14:36:50'),
('3148', 'Et ut sit rerum.', 860.43, '1964593', '2021-01-17 14:36:51', '2021-01-17 14:36:51'),
('315', 'Quae quaerat.', 630.91, '135423277', '2021-01-17 14:36:51', '2021-01-17 14:36:51'),
('3165438', 'Molestias ut rerum.', 745.52, '33596907', '2021-01-17 14:36:51', '2021-01-17 14:36:51'),
('31813495', 'Reiciendis vero in.', 264.26, '917', '2021-01-17 14:36:51', '2021-01-17 14:36:51'),
('32', 'Aliquam ducimus eos.', 344.44, '59798', '2021-01-17 14:36:50', '2021-01-17 14:36:50'),
('3208065', 'Id omnis totam.', 45.67, '1', '2021-01-17 14:36:52', '2021-01-17 14:36:52'),
('3218', 'Quaerat eveniet nam.', 983.69, '955648139', '2021-01-17 14:36:52', '2021-01-17 14:36:52'),
('3228', 'Aspernatur.', 360.84, '1984', '2021-01-17 14:36:50', '2021-01-17 14:36:50'),
('3279', 'Sunt qui id eum.', 941.87, '59798', '2021-01-17 14:36:50', '2021-01-17 14:36:50'),
('33', 'Quia quis ut vel.', 939.41, '0', '2021-01-17 14:36:50', '2021-01-17 14:36:50'),
('33197948', 'Voluptatem ut.', 14.04, '380068', '2021-01-17 14:36:50', '2021-01-17 14:36:50'),
('33214', 'Nostrum maiores.', 661.97, '7076', '2021-01-17 14:36:52', '2021-01-17 14:36:52'),
('335394103', 'Accusantium natus.', 280.83, '53', '2021-01-17 14:36:50', '2021-01-17 14:36:50'),
('336', 'Nobis blanditiis.', 97.28, '26179602', '2021-01-17 14:36:50', '2021-01-17 14:36:50'),
('33669', 'Voluptas distinctio.', 102.70, '99965387', '2021-01-17 14:36:51', '2021-01-17 14:36:51'),
('33849442', 'Mollitia minus est.', 818.17, '875602', '2021-01-17 14:36:52', '2021-01-17 14:36:52'),
('339201025', 'Voluptatem facilis.', 508.92, '53', '2021-01-17 14:36:51', '2021-01-17 14:36:51'),
('33921736', 'Voluptates a quo.', 720.30, '33596907', '2021-01-17 14:36:52', '2021-01-17 14:36:52'),
('34', 'Iure minima odit.', 336.81, '4', '2021-01-17 14:36:52', '2021-01-17 14:36:52'),
('3421765', 'Voluptate.', 165.01, '953038', '2021-01-17 14:36:51', '2021-01-17 14:36:51'),
('34501', 'Doloremque commodi.', 442.22, '53', '2021-01-17 14:36:50', '2021-01-17 14:36:50'),
('346', 'Architecto quam.', 558.11, '875602', '2021-01-17 14:36:51', '2021-01-17 14:36:51'),
('346382189', 'Ea eos quidem.', 773.71, '85749064', '2021-01-17 14:36:50', '2021-01-17 14:36:50'),
('34790031', 'Et quos possimus.', 794.98, '75', '2021-01-17 14:36:50', '2021-01-17 14:36:50'),
('349142921', 'Deleniti labore aut.', 606.31, '614232', '2021-01-17 14:36:51', '2021-01-17 14:36:51'),
('349728045', 'Minus et tenetur.', 196.55, '88827101', '2021-01-17 14:36:52', '2021-01-17 14:36:52'),
('35', 'Temporibus quod et.', 610.93, '26179602', '2021-01-17 14:36:49', '2021-01-17 14:36:49'),
('3524', 'Porro nemo aut.', 248.48, '875602', '2021-01-17 14:36:52', '2021-01-17 14:36:52'),
('354678', 'Est et quo non quos.', 145.40, '1964593', '2021-01-17 14:36:50', '2021-01-17 14:36:50'),
('356261012', 'Quasi quam optio et.', 852.82, '47609530', '2021-01-17 14:36:50', '2021-01-17 14:36:50'),
('356725503', 'Neque dolores quae.', 121.47, '434', '2021-01-17 14:36:50', '2021-01-17 14:36:50'),
('358898', 'Sint veniam.', 804.39, '953038', '2021-01-17 14:36:51', '2021-01-17 14:36:51'),
('36', 'Vel cupiditate non.', 777.02, '99965387', '2021-01-17 14:36:51', '2021-01-17 14:36:51'),
('361244', 'In omnis est.', 394.23, '318117', '2021-01-17 14:36:51', '2021-01-17 14:36:51'),
('362', 'A et rerum rem odit.', 53.08, '614232', '2021-01-17 14:36:50', '2021-01-17 14:36:50'),
('3633', 'Sequi libero.', 743.32, '50944933', '2021-01-17 14:36:51', '2021-01-17 14:36:51'),
('36844050', 'Ut quia quam veniam.', 636.34, '875602', '2021-01-17 14:36:50', '2021-01-17 14:36:50'),
('369797', 'Ratione maiores.', 533.45, '2369733', '2021-01-17 14:36:51', '2021-01-17 14:36:51'),
('371285185', 'Et dignissimos.', 104.59, '60550', '2021-01-17 14:36:51', '2021-01-17 14:36:51'),
('374862', 'Doloremque amet aut.', 889.24, '8884', '2021-01-17 14:36:50', '2021-01-17 14:36:50'),
('377230439', 'Voluptas earum sit.', 41.34, '26179602', '2021-01-17 14:36:50', '2021-01-17 14:36:50'),
('38257351', 'Aliquam.', 612.80, '26179602', '2021-01-17 14:36:51', '2021-01-17 14:36:51'),
('38622', 'Officiis sint.', 25.24, '318117', '2021-01-17 14:36:51', '2021-01-17 14:36:51'),
('38959', 'Nam repellat eaque.', 586.49, '75', '2021-01-17 14:36:50', '2021-01-17 14:36:50'),
('39', 'Suscipit eveniet.', 724.54, '380068', '2021-01-17 14:36:50', '2021-01-17 14:36:50'),
('3940', 'Aliquid eum.', 383.05, '1984', '2021-01-17 14:36:50', '2021-01-17 14:36:50'),
('39900610', 'Velit ut beatae at.', 527.27, '953038', '2021-01-17 14:36:50', '2021-01-17 14:36:50'),
('40', 'Earum eveniet.', 589.62, '53', '2021-01-17 14:36:51', '2021-01-17 14:36:51'),
('401935', 'Ut et nostrum modi.', 401.60, '989462', '2021-01-17 14:36:52', '2021-01-17 14:36:52'),
('4026', 'Animi at quas.', 433.34, '983023592', '2021-01-17 14:36:50', '2021-01-17 14:36:50'),
('402999674', 'Dolores nobis.', 784.36, '953038', '2021-01-17 14:36:51', '2021-01-17 14:36:51'),
('4059294', 'Voluptates est.', 264.75, '601709936', '2021-01-17 14:36:50', '2021-01-17 14:36:50'),
('40628', 'Impedit ipsam est.', 102.61, '53', '2021-01-17 14:36:52', '2021-01-17 14:36:52'),
('4091495', 'Tenetur assumenda.', 29.47, '4853', '2021-01-17 14:36:50', '2021-01-17 14:36:50'),
('410434460', 'Nam omnis vel iste.', 598.15, '85749064', '2021-01-17 14:36:51', '2021-01-17 14:36:51'),
('411254236', 'Accusantium.', 356.56, '50944933', '2021-01-17 14:36:52', '2021-01-17 14:36:52'),
('4121', 'Amet similique id.', 790.56, '917', '2021-01-17 14:36:50', '2021-01-17 14:36:50'),
('4125', 'Cum quos aliquid.', 718.36, '40372', '2021-01-17 14:36:51', '2021-01-17 14:36:51'),
('4158', 'Et aliquid qui.', 589.51, '434', '2021-01-17 14:36:51', '2021-01-17 14:36:51'),
('4237', 'Et eos maiores.', 46.72, '722278', '2021-01-17 14:36:52', '2021-01-17 14:36:52'),
('42416', 'Nobis odit ratione.', 325.74, '930', '2021-01-17 14:36:52', '2021-01-17 14:36:52'),
('428206061', 'Rem sunt fugit.', 529.74, '917', '2021-01-17 14:36:52', '2021-01-17 14:36:52'),
('43', 'Blanditiis quia.', 288.42, '29', '2021-01-17 14:36:51', '2021-01-17 14:36:51'),
('43224823', 'Dolorem quos.', 981.69, '97611814', '2021-01-17 14:36:52', '2021-01-17 14:36:52'),
('4341', 'Est et ullam nisi.', 429.09, '99965387', '2021-01-17 14:36:50', '2021-01-17 14:36:50'),
('43426327', 'Eius maxime.', 960.62, '90070438', '2021-01-17 14:36:50', '2021-01-17 14:36:50'),
('43562742', 'Aut eaque autem.', 359.11, '917', '2021-01-17 14:36:51', '2021-01-17 14:36:51'),
('43690784', 'Sequi tempore.', 779.94, '1984', '2021-01-17 14:36:50', '2021-01-17 14:36:50'),
('43811125', 'Et sint incidunt.', 321.58, '75', '2021-01-17 14:36:51', '2021-01-17 14:36:51'),
('43899138', 'Rerum voluptates.', 777.66, '930', '2021-01-17 14:36:51', '2021-01-17 14:36:51'),
('43974', 'Repellendus modi.', 223.35, '29', '2021-01-17 14:36:52', '2021-01-17 14:36:52'),
('44', 'Sint laboriosam.', 561.06, '318117', '2021-01-17 14:36:50', '2021-01-17 14:36:50'),
('4450460', 'Quis omnis tenetur.', 367.23, '953038', '2021-01-17 14:36:51', '2021-01-17 14:36:51'),
('4466967', 'Dolor sint omnis.', 580.51, '1984', '2021-01-17 14:36:51', '2021-01-17 14:36:51'),
('452', 'Occaecati dolorum.', 583.93, '7', '2021-01-17 14:36:52', '2021-01-17 14:36:52'),
('45362', 'Eos illo a non.', 884.22, '99965387', '2021-01-17 14:36:51', '2021-01-17 14:36:51'),
('45462902', 'Reiciendis non ipsa.', 736.59, '318117', '2021-01-17 14:36:51', '2021-01-17 14:36:51'),
('456', 'Voluptas dolorum.', 24.72, '93976219', '2021-01-17 14:36:51', '2021-01-17 14:36:51'),
('45750312', 'Ratione provident.', 713.32, '1', '2021-01-17 14:36:52', '2021-01-17 14:36:52'),
('45898595', 'Numquam voluptate.', 840.45, '40794863', '2021-01-17 14:36:51', '2021-01-17 14:36:51'),
('4622', 'Eos quia suscipit.', 201.45, '20071759', '2021-01-17 14:36:52', '2021-01-17 14:36:52'),
('46257', 'Animi consectetur.', 592.71, '42', '2021-01-17 14:36:52', '2021-01-17 14:36:52'),
('462791148', 'Cum alias quas enim.', 372.66, '47', '2021-01-17 14:36:51', '2021-01-17 14:36:51'),
('46309', 'Vel ut voluptas qui.', 981.44, '33596907', '2021-01-17 14:36:50', '2021-01-17 14:36:50'),
('463880383', 'Ducimus et et aut.', 765.55, '93976219', '2021-01-17 14:36:51', '2021-01-17 14:36:51'),
('465', 'Eos occaecati illum.', 226.95, '8884', '2021-01-17 14:36:49', '2021-01-17 14:36:49'),
('4653173', 'Sit a debitis non a.', 327.33, '88827101', '2021-01-17 14:36:52', '2021-01-17 14:36:52'),
('469437102', 'Cumque beatae.', 221.75, '42', '2021-01-17 14:36:50', '2021-01-17 14:36:50'),
('47542', 'Autem illum.', 605.86, '601709936', '2021-01-17 14:36:50', '2021-01-17 14:36:50'),
('4758', 'Corporis autem.', 244.86, '75', '2021-01-17 14:36:52', '2021-01-17 14:36:52'),
('4773994', 'Ut velit fugit.', 565.45, '0', '2021-01-17 14:36:50', '2021-01-17 14:36:50'),
('48196891', 'Omnis enim tenetur.', 94.65, '917', '2021-01-17 14:36:51', '2021-01-17 14:36:51'),
('48358', 'Exercitationem.', 138.94, '20071759', '2021-01-17 14:36:51', '2021-01-17 14:36:51'),
('4842', 'Iusto sed veniam.', 886.86, '88827101', '2021-01-17 14:36:51', '2021-01-17 14:36:51'),
('48462204', 'Provident porro quo.', 328.35, '47609530', '2021-01-17 14:36:52', '2021-01-17 14:36:52'),
('48888', 'Dolorem quisquam.', 382.58, '59798', '2021-01-17 14:36:52', '2021-01-17 14:36:52'),
('4928', 'Nesciunt quasi non.', 109.42, '875602', '2021-01-17 14:36:52', '2021-01-17 14:36:52'),
('495215', 'Natus sapiente.', 866.98, '99965387', '2021-01-17 14:36:51', '2021-01-17 14:36:51'),
('4973', 'Quam cupiditate.', 678.43, '4853', '2021-01-17 14:36:50', '2021-01-17 14:36:50'),
('4980041', 'Ea quaerat velit.', 693.32, '7076', '2021-01-17 14:36:52', '2021-01-17 14:36:52'),
('50', 'Hic repellat eius.', 467.39, '0', '2021-01-17 14:36:52', '2021-01-17 14:36:52'),
('502569', 'Et repellendus.', 157.38, '5', '2021-01-17 14:36:51', '2021-01-17 14:36:51'),
('505', 'Et molestiae.', 548.98, '50944933', '2021-01-17 14:36:51', '2021-01-17 14:36:51'),
('5090843', 'Est minima earum.', 330.75, '33596907', '2021-01-17 14:36:51', '2021-01-17 14:36:51'),
('5095', 'Consequatur sed.', 704.92, '6', '2021-01-17 14:36:51', '2021-01-17 14:36:51'),
('51', 'Iusto sit officia.', 395.83, '6', '2021-01-17 14:36:50', '2021-01-17 14:36:50'),
('511170163', 'Accusantium.', 295.68, '917', '2021-01-17 14:36:50', '2021-01-17 14:36:50'),
('515', 'Voluptas magnam.', 769.80, '601709936', '2021-01-17 14:36:52', '2021-01-17 14:36:52'),
('5154', 'Iusto placeat.', 829.05, '97611814', '2021-01-17 14:36:50', '2021-01-17 14:36:50'),
('5159', 'Ea quod est itaque.', 166.90, '26179602', '2021-01-17 14:36:52', '2021-01-17 14:36:52'),
('517210', 'Quibusdam.', 221.35, '875602', '2021-01-17 14:36:51', '2021-01-17 14:36:51'),
('5180064', 'Nisi animi unde qui.', 549.41, '2369733', '2021-01-17 14:36:51', '2021-01-17 14:36:51'),
('5189', 'Libero perferendis.', 655.44, '26179602', '2021-01-17 14:36:51', '2021-01-17 14:36:51'),
('5220', 'Rerum soluta veniam.', 210.84, '7', '2021-01-17 14:36:51', '2021-01-17 14:36:51'),
('5234', 'Cupiditate fuga.', 469.17, '4989', '2021-01-17 14:36:52', '2021-01-17 14:36:52'),
('52432386', 'Quas quas tempore.', 328.37, '6', '2021-01-17 14:36:50', '2021-01-17 14:36:50'),
('5250', 'Assumenda nisi qui.', 100.77, '2369733', '2021-01-17 14:36:52', '2021-01-17 14:36:52'),
('526064', 'Illo aut impedit.', 516.21, '99965387', '2021-01-17 14:36:51', '2021-01-17 14:36:51'),
('52863922', 'Dignissimos ullam.', 386.10, '1984', '2021-01-17 14:36:50', '2021-01-17 14:36:50'),
('530499253', 'Consequuntur.', 378.35, '722278', '2021-01-17 14:36:52', '2021-01-17 14:36:52'),
('5315', 'Incidunt assumenda.', 60.53, '53', '2021-01-17 14:36:51', '2021-01-17 14:36:51'),
('534', 'Ut maiores.', 979.81, '5', '2021-01-17 14:36:49', '2021-01-17 14:36:49'),
('5353', 'Impedit ea.', 728.26, '59798', '2021-01-17 14:36:52', '2021-01-17 14:36:52'),
('5368723', 'Quo officiis.', 376.72, '85749064', '2021-01-17 14:36:51', '2021-01-17 14:36:51'),
('5382', 'Qui nihil amet.', 376.01, '1984', '2021-01-17 14:36:51', '2021-01-17 14:36:51'),
('54', 'Vero quis.', 431.96, '53', '2021-01-17 14:36:52', '2021-01-17 14:36:52'),
('54023', 'Totam ratione aut.', 765.60, '4', '2021-01-17 14:36:51', '2021-01-17 14:36:51'),
('5406', 'Accusantium nostrum.', 874.19, '1964593', '2021-01-17 14:36:50', '2021-01-17 14:36:50'),
('541026', 'Et doloremque.', 771.75, '29', '2021-01-17 14:36:51', '2021-01-17 14:36:51'),
('54570', 'Harum quia.', 59.91, '7076', '2021-01-17 14:36:50', '2021-01-17 14:36:50'),
('552292988', 'Eum vitae cumque.', 278.16, '8884', '2021-01-17 14:36:52', '2021-01-17 14:36:52'),
('55289', 'Sed repellendus.', 73.86, '873336188', '2021-01-17 14:36:51', '2021-01-17 14:36:51'),
('556841388', 'Voluptas ut.', 136.75, '4658', '2021-01-17 14:36:52', '2021-01-17 14:36:52'),
('55862287', 'Tempore et et.', 192.29, '953038', '2021-01-17 14:36:52', '2021-01-17 14:36:52'),
('56069194', 'Ratione quia.', 223.91, '983023592', '2021-01-17 14:36:50', '2021-01-17 14:36:50'),
('561934763', 'Alias voluptatum.', 316.71, '60550', '2021-01-17 14:36:50', '2021-01-17 14:36:50'),
('5631', 'Optio voluptatem.', 767.04, '97611814', '2021-01-17 14:36:50', '2021-01-17 14:36:50'),
('5636417', 'Dignissimos illum.', 914.26, '5', '2021-01-17 14:36:51', '2021-01-17 14:36:51'),
('56891', 'Autem molestiae.', 624.86, '953038', '2021-01-17 14:36:50', '2021-01-17 14:36:50'),
('57509', 'Necessitatibus qui.', 103.70, '380068', '2021-01-17 14:36:50', '2021-01-17 14:36:50'),
('576873985', 'Temporibus quia qui.', 805.95, '40794863', '2021-01-17 14:36:51', '2021-01-17 14:36:51'),
('57798802', 'Adipisci maiores.', 70.49, '0', '2021-01-17 14:36:51', '2021-01-17 14:36:51'),
('57810131', 'Eos delectus.', 792.88, '8884', '2021-01-17 14:36:52', '2021-01-17 14:36:52'),
('58161414', 'Voluptatem.', 755.88, '1', '2021-01-17 14:36:52', '2021-01-17 14:36:52'),
('5870684', 'Fugiat a omnis.', 156.83, '601709936', '2021-01-17 14:36:51', '2021-01-17 14:36:51'),
('58888829', 'Inventore alias.', 391.65, '4', '2021-01-17 14:36:50', '2021-01-17 14:36:50'),
('59', 'Quo quis laborum.', 538.13, '434', '2021-01-17 14:36:52', '2021-01-17 14:36:52'),
('59315693', 'Voluptatem maiores.', 618.72, '135423277', '2021-01-17 14:36:52', '2021-01-17 14:36:52'),
('594571', 'Quis voluptatem est.', 97.41, '4658', '2021-01-17 14:36:50', '2021-01-17 14:36:50'),
('599', 'Ducimus architecto.', 535.19, '6', '2021-01-17 14:36:51', '2021-01-17 14:36:51'),
('59986201', 'Veniam facere quia.', 785.59, '75', '2021-01-17 14:36:49', '2021-01-17 14:36:49'),
('60025', 'Unde dolorem eaque.', 428.84, '917', '2021-01-17 14:36:49', '2021-01-17 14:36:49'),
('600459', 'Qui temporibus.', 139.96, '380068', '2021-01-17 14:36:51', '2021-01-17 14:36:51'),
('60174', 'Sit tempora dicta.', 229.46, '1', '2021-01-17 14:36:50', '2021-01-17 14:36:50'),
('6021', 'Sit voluptatem.', 582.43, '1964593', '2021-01-17 14:36:50', '2021-01-17 14:36:50'),
('603210', 'Eius accusantium.', 540.48, '4658', '2021-01-17 14:36:52', '2021-01-17 14:36:52'),
('604926691', 'Qui reprehenderit.', 658.46, '4658', '2021-01-17 14:36:52', '2021-01-17 14:36:52'),
('60826', 'Reiciendis.', 856.93, '29', '2021-01-17 14:36:52', '2021-01-17 14:36:52'),
('60928798', 'Dolor voluptatum.', 967.38, '989462', '2021-01-17 14:36:51', '2021-01-17 14:36:51'),
('61', 'Reiciendis aut.', 593.58, '983023592', '2021-01-17 14:36:50', '2021-01-17 14:36:50'),
('61488', 'Ullam error labore.', 507.50, '380068', '2021-01-17 14:36:52', '2021-01-17 14:36:52'),
('61710649', 'Error assumenda sed.', 559.22, '910535478', '2021-01-17 14:36:51', '2021-01-17 14:36:51'),
('6182738', 'Eum alias rem rerum.', 385.91, '29', '2021-01-17 14:36:52', '2021-01-17 14:36:52'),
('61832', 'Sequi et ut amet.', 871.62, '33596907', '2021-01-17 14:36:50', '2021-01-17 14:36:50'),
('6195330', 'Laborum qui natus.', 746.54, '29', '2021-01-17 14:36:51', '2021-01-17 14:36:51'),
('620706', 'Sint dolorum.', 606.61, '26179602', '2021-01-17 14:36:50', '2021-01-17 14:36:50'),
('627251', 'Ratione aut sed qui.', 468.42, '930', '2021-01-17 14:36:50', '2021-01-17 14:36:50'),
('6280', 'Dolore possimus.', 210.23, '42', '2021-01-17 14:36:51', '2021-01-17 14:36:51'),
('6298', 'Dolores ipsa aut.', 707.11, '7076', '2021-01-17 14:36:51', '2021-01-17 14:36:51'),
('63', 'Iure pariatur sed.', 986.55, '97611814', '2021-01-17 14:36:50', '2021-01-17 14:36:50'),
('632638469', 'Similique ad a.', 400.72, '4989', '2021-01-17 14:36:50', '2021-01-17 14:36:50'),
('6341', 'Tempora harum omnis.', 129.49, '434', '2021-01-17 14:36:52', '2021-01-17 14:36:52'),
('63583318', 'Sint omnis est.', 607.65, '29', '2021-01-17 14:36:51', '2021-01-17 14:36:51'),
('64', 'Inventore earum.', 109.85, '50944933', '2021-01-17 14:36:50', '2021-01-17 14:36:50'),
('640', 'Enim eum vitae.', 232.34, '20071759', '2021-01-17 14:36:51', '2021-01-17 14:36:51'),
('64143729', 'Ea nam qui et nisi.', 297.78, '135423277', '2021-01-17 14:36:52', '2021-01-17 14:36:52'),
('64147922', 'Distinctio quia.', 605.64, '1', '2021-01-17 14:36:51', '2021-01-17 14:36:51'),
('642', 'Totam unde quia ea.', 824.46, '2369733', '2021-01-17 14:36:51', '2021-01-17 14:36:51'),
('64318881', 'Vitae est esse.', 382.14, '0', '2021-01-17 14:36:50', '2021-01-17 14:36:50'),
('6454906', 'Voluptatem odit.', 367.54, '318117', '2021-01-17 14:36:50', '2021-01-17 14:36:50'),
('64552853', 'Assumenda ut quia.', 980.72, '953038', '2021-01-17 14:36:50', '2021-01-17 14:36:50'),
('648', 'Rerum a veritatis.', 718.23, '989462', '2021-01-17 14:36:49', '2021-01-17 14:36:49'),
('648316', 'Consequatur beatae.', 558.01, '873336188', '2021-01-17 14:36:52', '2021-01-17 14:36:52'),
('64856', 'Qui ab possimus.', 926.36, '614232', '2021-01-17 14:36:50', '2021-01-17 14:36:50'),
('65017', 'Rerum possimus id.', 343.43, '40794863', '2021-01-17 14:36:51', '2021-01-17 14:36:51'),
('650702', 'Et corrupti aut.', 133.35, '42', '2021-01-17 14:36:52', '2021-01-17 14:36:52'),
('656', 'Voluptatem deserunt.', 701.00, '40794863', '2021-01-17 14:36:51', '2021-01-17 14:36:51'),
('65746571', 'Debitis nihil.', 815.81, '60550', '2021-01-17 14:36:50', '2021-01-17 14:36:50'),
('6587722', 'Rerum sint natus.', 210.84, '50944933', '2021-01-17 14:36:52', '2021-01-17 14:36:52'),
('659735', 'Nihil fugit enim.', 932.31, '97611814', '2021-01-17 14:36:51', '2021-01-17 14:36:51'),
('659763', 'At quos soluta aut.', 680.67, '434', '2021-01-17 14:36:50', '2021-01-17 14:36:50'),
('66', 'Magni odit et.', 663.47, '6', '2021-01-17 14:36:51', '2021-01-17 14:36:51'),
('662', 'Aliquam in voluptas.', 753.32, '135423277', '2021-01-17 14:36:50', '2021-01-17 14:36:50'),
('663', 'Labore dolores.', 320.95, '93976219', '2021-01-17 14:36:52', '2021-01-17 14:36:52'),
('664871291', 'Commodi modi aut.', 80.67, '75', '2021-01-17 14:36:51', '2021-01-17 14:36:51'),
('6649', 'Omnis ut aliquid.', 57.26, '318117', '2021-01-17 14:36:50', '2021-01-17 14:36:50'),
('6660', 'Excepturi ex rerum.', 735.53, '601709936', '2021-01-17 14:36:51', '2021-01-17 14:36:51'),
('666336708', 'Illo a rerum harum.', 600.75, '989462', '2021-01-17 14:36:50', '2021-01-17 14:36:50'),
('667810', 'Quia non.', 562.64, '60550', '2021-01-17 14:36:52', '2021-01-17 14:36:52'),
('6683571', 'Necessitatibus ut.', 102.55, '60550', '2021-01-17 14:36:50', '2021-01-17 14:36:50'),
('669073889', 'Omnis mollitia eos.', 306.83, '2369733', '2021-01-17 14:36:51', '2021-01-17 14:36:51'),
('67068', 'Quis recusandae.', 699.75, '930', '2021-01-17 14:36:50', '2021-01-17 14:36:50'),
('672263642', 'Rerum sed dolor.', 692.95, '20071759', '2021-01-17 14:36:52', '2021-01-17 14:36:52'),
('6755547', 'Voluptatibus ut.', 348.32, '40372', '2021-01-17 14:36:52', '2021-01-17 14:36:52'),
('676', 'Qui at voluptas.', 855.05, '7', '2021-01-17 14:36:52', '2021-01-17 14:36:52'),
('677042', 'Consequuntur.', 353.27, '93976219', '2021-01-17 14:36:51', '2021-01-17 14:36:51'),
('68', 'Totam et aut hic.', 530.54, '33596907', '2021-01-17 14:36:50', '2021-01-17 14:36:50'),
('68242', 'Cupiditate officiis.', 88.03, '1984', '2021-01-17 14:36:52', '2021-01-17 14:36:52'),
('6827818', 'Nihil autem ipsam.', 313.55, '989462', '2021-01-17 14:36:50', '2021-01-17 14:36:50'),
('6835940', 'Velit fuga ad ad.', 604.70, '380068', '2021-01-17 14:36:51', '2021-01-17 14:36:51'),
('6839968', 'Nam aut qui officia.', 842.96, '434', '2021-01-17 14:36:51', '2021-01-17 14:36:51'),
('6840084', 'Deleniti aliquam.', 331.53, '1984', '2021-01-17 14:36:50', '2021-01-17 14:36:50'),
('6848', 'Libero enim itaque.', 130.42, '59798', '2021-01-17 14:36:51', '2021-01-17 14:36:51'),
('6856655', 'Et nesciunt.', 817.85, '318117', '2021-01-17 14:36:50', '2021-01-17 14:36:50'),
('686312691', 'Error voluptatum in.', 714.04, '7076', '2021-01-17 14:36:52', '2021-01-17 14:36:52'),
('68999432', 'Amet itaque aut.', 395.35, '983023592', '2021-01-17 14:36:52', '2021-01-17 14:36:52'),
('690835', 'Corrupti dolor.', 801.61, '40372', '2021-01-17 14:36:52', '2021-01-17 14:36:52'),
('691038247', 'Dolorem quisquam.', 102.81, '873336188', '2021-01-17 14:36:52', '2021-01-17 14:36:52'),
('6911', 'Aliquam sed.', 485.74, '4853', '2021-01-17 14:36:50', '2021-01-17 14:36:50'),
('693', 'Voluptas.', 323.35, '434', '2021-01-17 14:36:50', '2021-01-17 14:36:50'),
('6952', 'Dolorum consequatur.', 358.23, '60550', '2021-01-17 14:36:51', '2021-01-17 14:36:51'),
('6960', 'Fugiat quas ipsa.', 78.86, '1964593', '2021-01-17 14:36:50', '2021-01-17 14:36:50'),
('6963', 'Enim non inventore.', 862.26, '40372', '2021-01-17 14:36:51', '2021-01-17 14:36:51'),
('6981861', 'Velit quam sed.', 445.24, '99965387', '2021-01-17 14:36:51', '2021-01-17 14:36:51'),
('70', 'Qui sint quibusdam.', 307.94, '917', '2021-01-17 14:36:51', '2021-01-17 14:36:51'),
('7001', 'Omnis aspernatur.', 887.49, '93976219', '2021-01-17 14:36:51', '2021-01-17 14:36:51'),
('70467807', 'Consequatur.', 997.26, '40372', '2021-01-17 14:36:50', '2021-01-17 14:36:50'),
('70517364', 'Officiis veniam.', 440.06, '99965387', '2021-01-17 14:36:50', '2021-01-17 14:36:50'),
('7052', 'Tempora dolorem.', 163.79, '26179602', '2021-01-17 14:36:51', '2021-01-17 14:36:51'),
('70777689', 'Voluptatem dolor.', 114.23, '930', '2021-01-17 14:36:50', '2021-01-17 14:36:50'),
('711786', 'Ad totam.', 713.48, '75', '2021-01-17 14:36:50', '2021-01-17 14:36:50'),
('71423', 'Qui nostrum.', 690.41, '7', '2021-01-17 14:36:51', '2021-01-17 14:36:51'),
('714816830', 'Est rerum quas.', 795.17, '953038', '2021-01-17 14:36:50', '2021-01-17 14:36:50'),
('71534510', 'Harum minima quae.', 649.91, '1', '2021-01-17 14:36:50', '2021-01-17 14:36:50'),
('7162146', 'Sunt magnam et non.', 963.55, '318117', '2021-01-17 14:36:51', '2021-01-17 14:36:51'),
('717927337', 'In et est ipsa.', 272.51, '40794863', '2021-01-17 14:36:52', '2021-01-17 14:36:52'),
('7198', 'Fugiat doloribus.', 709.67, '8884', '2021-01-17 14:36:51', '2021-01-17 14:36:51'),
('721563', 'Quis nemo aut autem.', 103.16, '97611814', '2021-01-17 14:36:50', '2021-01-17 14:36:50'),
('725052', 'Quos nihil soluta.', 170.26, '8884', '2021-01-17 14:36:52', '2021-01-17 14:36:52'),
('7255939', 'Delectus iusto qui.', 836.96, '40794863', '2021-01-17 14:36:50', '2021-01-17 14:36:50'),
('7308', 'Omnis temporibus ut.', 308.36, '26179602', '2021-01-17 14:36:52', '2021-01-17 14:36:52'),
('732', 'Perspiciatis.', 556.04, '8884', '2021-01-17 14:36:50', '2021-01-17 14:36:50'),
('73229', 'Accusantium et nam.', 809.80, '7076', '2021-01-17 14:36:51', '2021-01-17 14:36:51'),
('73286696', 'Nihil quam.', 319.52, '93976219', '2021-01-17 14:36:50', '2021-01-17 14:36:50'),
('738748', 'Nisi suscipit aut.', 671.65, '88827101', '2021-01-17 14:36:51', '2021-01-17 14:36:51'),
('7398959', 'Consectetur fuga.', 245.63, '6', '2021-01-17 14:36:52', '2021-01-17 14:36:52'),
('74', 'Temporibus dolores.', 505.56, '20071759', '2021-01-17 14:36:50', '2021-01-17 14:36:50'),
('7400', 'Eveniet vero illum.', 110.10, '42', '2021-01-17 14:36:50', '2021-01-17 14:36:50'),
('744', 'Aut totam assumenda.', 426.49, '722278', '2021-01-17 14:36:50', '2021-01-17 14:36:50'),
('74679', 'Dolor occaecati.', 916.50, '47609530', '2021-01-17 14:36:51', '2021-01-17 14:36:51'),
('7482896', 'Aut aut quis.', 617.13, '0', '2021-01-17 14:36:50', '2021-01-17 14:36:50'),
('75232', 'Recusandae.', 361.85, '90070438', '2021-01-17 14:36:52', '2021-01-17 14:36:52'),
('75274066', 'Mollitia non.', 23.90, '90070438', '2021-01-17 14:36:50', '2021-01-17 14:36:50'),
('75416', 'Tempore et beatae.', 581.92, '8884', '2021-01-17 14:36:52', '2021-01-17 14:36:52'),
('755386', 'Est debitis iste.', 859.85, '6', '2021-01-17 14:36:52', '2021-01-17 14:36:52'),
('757', 'Ut beatae rerum.', 594.13, '4853', '2021-01-17 14:36:52', '2021-01-17 14:36:52'),
('7585039', 'Totam distinctio.', 311.17, '50944933', '2021-01-17 14:36:50', '2021-01-17 14:36:50'),
('76', 'Quis et ut neque.', 124.05, '434', '2021-01-17 14:36:52', '2021-01-17 14:36:52'),
('7601', 'Ab labore adipisci.', 525.72, '1964593', '2021-01-17 14:36:51', '2021-01-17 14:36:51'),
('7606162', 'Eveniet accusamus.', 946.90, '85749064', '2021-01-17 14:36:50', '2021-01-17 14:36:50'),
('762', 'Nesciunt labore.', 773.04, '59798', '2021-01-17 14:36:51', '2021-01-17 14:36:51'),
('763373608', 'Quis deleniti unde.', 904.81, '1964593', '2021-01-17 14:36:51', '2021-01-17 14:36:51'),
('765', 'Vero ea minus.', 777.57, '29', '2021-01-17 14:36:50', '2021-01-17 14:36:50'),
('766330', 'Atque saepe.', 473.35, '953038', '2021-01-17 14:36:50', '2021-01-17 14:36:50'),
('77', 'Enim optio commodi.', 702.13, '4989', '2021-01-17 14:36:51', '2021-01-17 14:36:51'),
('7707', 'Odio quo laboriosam.', 255.19, '873336188', '2021-01-17 14:36:50', '2021-01-17 14:36:50'),
('77105', 'Cumque voluptatem.', 236.78, '955648139', '2021-01-17 14:36:51', '2021-01-17 14:36:51'),
('771960', 'Incidunt adipisci.', 294.12, '59798', '2021-01-17 14:36:51', '2021-01-17 14:36:51'),
('7738', 'Eaque aut sunt.', 514.97, '93976219', '2021-01-17 14:36:52', '2021-01-17 14:36:52'),
('77816', 'Aut nulla quidem.', 261.35, '97611814', '2021-01-17 14:36:51', '2021-01-17 14:36:51'),
('7798667', 'Id distinctio.', 865.89, '26179602', '2021-01-17 14:36:51', '2021-01-17 14:36:51'),
('78', 'Quibusdam debitis.', 928.56, '8884', '2021-01-17 14:36:50', '2021-01-17 14:36:50'),
('7836', 'Eligendi dolores.', 622.88, '601709936', '2021-01-17 14:36:50', '2021-01-17 14:36:50'),
('7887954', 'Voluptates culpa.', 608.16, '917', '2021-01-17 14:36:51', '2021-01-17 14:36:51'),
('7893110', 'Sit ipsam et.', 694.42, '53', '2021-01-17 14:36:49', '2021-01-17 14:36:49'),
('791', 'Eveniet quia.', 412.19, '47', '2021-01-17 14:36:51', '2021-01-17 14:36:51'),
('79423106', 'Distinctio iure.', 733.29, '4853', '2021-01-17 14:36:51', '2021-01-17 14:36:51'),
('797391023', 'Repellat est eos.', 748.86, '380068', '2021-01-17 14:36:51', '2021-01-17 14:36:51'),
('8', 'Rerum numquam.', 54.11, '917', '2021-01-17 14:36:50', '2021-01-17 14:36:50'),
('80', 'Eaque quidem id.', 790.67, '601709936', '2021-01-17 14:36:50', '2021-01-17 14:36:50'),
('8024311', 'Expedita esse iusto.', 256.28, '4989', '2021-01-17 14:36:51', '2021-01-17 14:36:51'),
('802789', 'Et sapiente at quam.', 572.58, '88827101', '2021-01-17 14:36:52', '2021-01-17 14:36:52'),
('802999573', 'Provident quos.', 663.67, '1984', '2021-01-17 14:36:50', '2021-01-17 14:36:50'),
('8033041', 'Atque quaerat sunt.', 763.95, '910535478', '2021-01-17 14:36:50', '2021-01-17 14:36:50'),
('8045', 'Amet maxime.', 719.23, '33596907', '2021-01-17 14:36:52', '2021-01-17 14:36:52'),
('8050', 'Laborum consequatur.', 642.92, '434', '2021-01-17 14:36:50', '2021-01-17 14:36:50'),
('807129', 'Tempora eum ad et.', 479.74, '983023592', '2021-01-17 14:36:51', '2021-01-17 14:36:51'),
('8076', 'Et repudiandae id.', 577.75, '97611814', '2021-01-17 14:36:51', '2021-01-17 14:36:51'),
('809345', 'Voluptatem facere.', 737.30, '722278', '2021-01-17 14:36:50', '2021-01-17 14:36:50'),
('81', 'Consequatur et.', 470.89, '135423277', '2021-01-17 14:36:50', '2021-01-17 14:36:50'),
('8155', 'Unde sint nulla aut.', 555.31, '42', '2021-01-17 14:36:52', '2021-01-17 14:36:52'),
('8171184', 'Quo eos odio.', 722.53, '614232', '2021-01-17 14:36:51', '2021-01-17 14:36:51'),
('81904', 'Repudiandae.', 230.12, '6', '2021-01-17 14:36:52', '2021-01-17 14:36:52'),
('82', 'Inventore non.', 909.81, '53', '2021-01-17 14:36:51', '2021-01-17 14:36:51'),
('8200', 'Earum voluptatum.', 791.67, '1984', '2021-01-17 14:36:51', '2021-01-17 14:36:51'),
('832128', 'Vero eos delectus.', 624.76, '873336188', '2021-01-17 14:36:50', '2021-01-17 14:36:50'),
('8334', 'Dolorem minus.', 854.96, '2369733', '2021-01-17 14:36:50', '2021-01-17 14:36:50'),
('8344596', 'Aut ullam est fugit.', 970.12, '97611814', '2021-01-17 14:36:51', '2021-01-17 14:36:51'),
('84', 'Suscipit ab labore.', 146.46, '722278', '2021-01-17 14:36:52', '2021-01-17 14:36:52'),
('8414', 'Quia error expedita.', 175.33, '20071759', '2021-01-17 14:36:51', '2021-01-17 14:36:51'),
('8416179', 'Dolorum eos iure.', 810.24, '4989', '2021-01-17 14:36:51', '2021-01-17 14:36:51'),
('8417', 'In officiis aut.', 610.90, '29', '2021-01-17 14:36:51', '2021-01-17 14:36:51'),
('84523785', 'Pariatur et saepe.', 674.96, '59798', '2021-01-17 14:36:50', '2021-01-17 14:36:50'),
('84590959', 'Voluptates et.', 641.62, '0', '2021-01-17 14:36:52', '2021-01-17 14:36:52'),
('847', 'Corporis.', 124.78, '59798', '2021-01-17 14:36:51', '2021-01-17 14:36:51'),
('84716448', 'Animi aperiam nam.', 685.09, '7', '2021-01-17 14:36:50', '2021-01-17 14:36:50'),
('850592', 'Nam laudantium.', 206.79, '53', '2021-01-17 14:36:50', '2021-01-17 14:36:50'),
('851', 'Doloremque enim.', 426.59, '875602', '2021-01-17 14:36:50', '2021-01-17 14:36:50'),
('8526', 'Vero quia molestias.', 896.21, '4658', '2021-01-17 14:36:51', '2021-01-17 14:36:51'),
('8539', 'Voluptas iusto.', 582.76, '40794863', '2021-01-17 14:36:51', '2021-01-17 14:36:51'),
('856788902', 'Dolorem qui sit.', 20.57, '2369733', '2021-01-17 14:36:52', '2021-01-17 14:36:52'),
('857', 'Ad quia vel.', 198.75, '53', '2021-01-17 14:36:51', '2021-01-17 14:36:51'),
('859159', 'Illo et sint odit.', 134.13, '318117', '2021-01-17 14:36:49', '2021-01-17 14:36:49'),
('859677', 'Ad aut aut corrupti.', 979.20, '601709936', '2021-01-17 14:36:51', '2021-01-17 14:36:51'),
('86179', 'Ipsam praesentium.', 454.07, '4658', '2021-01-17 14:36:51', '2021-01-17 14:36:51'),
('866', 'Sit laudantium.', 655.09, '4853', '2021-01-17 14:36:50', '2021-01-17 14:36:50'),
('8673405', 'Consequatur.', 464.25, '7076', '2021-01-17 14:36:52', '2021-01-17 14:36:52'),
('86912', 'In vitae fuga.', 227.03, '42', '2021-01-17 14:36:52', '2021-01-17 14:36:52'),
('87372310', 'Aut repellat.', 18.47, '1964593', '2021-01-17 14:36:50', '2021-01-17 14:36:50'),
('8748784', 'Quo sequi tempore.', 973.57, '59798', '2021-01-17 14:36:50', '2021-01-17 14:36:50'),
('87660619', 'Eum voluptatum.', 353.25, '614232', '2021-01-17 14:36:52', '2021-01-17 14:36:52'),
('879', 'Quis sit asperiores.', 706.42, '614232', '2021-01-17 14:36:51', '2021-01-17 14:36:51'),
('88', 'Est totam.', 991.69, '8884', '2021-01-17 14:36:50', '2021-01-17 14:36:50'),
('88046010', 'Dolor repellendus.', 13.77, '6', '2021-01-17 14:36:52', '2021-01-17 14:36:52'),
('885002436', 'Eos omnis incidunt.', 785.61, '873336188', '2021-01-17 14:36:52', '2021-01-17 14:36:52'),
('88812', 'Excepturi.', 765.41, '59798', '2021-01-17 14:36:51', '2021-01-17 14:36:51'),
('88914', 'Dolor aut dicta.', 98.80, '85749064', '2021-01-17 14:36:51', '2021-01-17 14:36:51'),
('889344', 'Iure dignissimos.', 441.33, '4658', '2021-01-17 14:36:51', '2021-01-17 14:36:51'),
('8961', 'Repudiandae ea.', 673.83, '29', '2021-01-17 14:36:50', '2021-01-17 14:36:50'),
('8972500', 'Fugiat qui vitae ut.', 42.79, '614232', '2021-01-17 14:36:51', '2021-01-17 14:36:51'),
('897771601', 'Aspernatur impedit.', 121.20, '26179602', '2021-01-17 14:36:50', '2021-01-17 14:36:50'),
('898774891', 'Corporis.', 824.46, '93976219', '2021-01-17 14:36:52', '2021-01-17 14:36:52'),
('9', 'Magni temporibus.', 819.77, '953038', '2021-01-17 14:36:50', '2021-01-17 14:36:50'),
('90', 'Nihil adipisci.', 52.34, '910535478', '2021-01-17 14:36:51', '2021-01-17 14:36:51'),
('904', 'Quo ut eum omnis.', 354.09, '601709936', '2021-01-17 14:36:50', '2021-01-17 14:36:50'),
('9069', 'Qui et maxime.', 516.71, '53', '2021-01-17 14:36:50', '2021-01-17 14:36:50'),
('91', 'Repellat quam sit.', 555.39, '434', '2021-01-17 14:36:50', '2021-01-17 14:36:50'),
('912272', 'Vel molestias.', 87.44, '75', '2021-01-17 14:36:52', '2021-01-17 14:36:52'),
('9148', 'In sunt hic nostrum.', 123.66, '953038', '2021-01-17 14:36:51', '2021-01-17 14:36:51'),
('916137', 'Quibusdam pariatur.', 796.08, '601709936', '2021-01-17 14:36:51', '2021-01-17 14:36:51'),
('921046873', 'Architecto repellat.', 626.81, '53', '2021-01-17 14:36:51', '2021-01-17 14:36:51'),
('922754522', 'Quibusdam ipsam.', 26.97, '47609530', '2021-01-17 14:36:51', '2021-01-17 14:36:51'),
('9298483', 'Nihil explicabo.', 585.66, '1984', '2021-01-17 14:36:51', '2021-01-17 14:36:51'),
('9306', 'Impedit laudantium.', 247.53, '434', '2021-01-17 14:36:50', '2021-01-17 14:36:50'),
('931432569', 'Expedita sint et.', 238.62, '875602', '2021-01-17 14:36:51', '2021-01-17 14:36:51'),
('9323180', 'Similique dolore.', 87.04, '2369733', '2021-01-17 14:36:50', '2021-01-17 14:36:50'),
('9331', 'Odit hic neque.', 607.30, '722278', '2021-01-17 14:36:50', '2021-01-17 14:36:50'),
('934783', 'Dolorem mollitia.', 951.57, '6', '2021-01-17 14:36:51', '2021-01-17 14:36:51'),
('93607', 'Architecto sunt.', 312.46, '99965387', '2021-01-17 14:36:51', '2021-01-17 14:36:51'),
('93728', 'Quas aspernatur est.', 627.90, '910535478', '2021-01-17 14:36:51', '2021-01-17 14:36:51'),
('938', 'Molestiae nulla.', 550.35, '42', '2021-01-17 14:36:51', '2021-01-17 14:36:51'),
('938429524', 'Velit id qui.', 265.44, '989462', '2021-01-17 14:36:51', '2021-01-17 14:36:51'),
('93863554', 'Temporibus aut.', 65.38, '47609530', '2021-01-17 14:36:51', '2021-01-17 14:36:51'),
('93925864', 'Nobis neque in quis.', 37.17, '85749064', '2021-01-17 14:36:52', '2021-01-17 14:36:52'),
('94117', 'Consequatur qui aut.', 555.23, '318117', '2021-01-17 14:36:51', '2021-01-17 14:36:51'),
('943824088', 'Et voluptatem.', 749.65, '1984', '2021-01-17 14:36:49', '2021-01-17 14:36:49'),
('9439011', 'Et expedita enim.', 798.53, '20071759', '2021-01-17 14:36:50', '2021-01-17 14:36:50'),
('94693175', 'Numquam id placeat.', 803.18, '955648139', '2021-01-17 14:36:51', '2021-01-17 14:36:51'),
('9475482', 'Ut in minus.', 933.73, '989462', '2021-01-17 14:36:50', '2021-01-17 14:36:50'),
('948299', 'Quaerat doloribus.', 117.88, '6', '2021-01-17 14:36:51', '2021-01-17 14:36:51'),
('956127', 'Qui perspiciatis.', 277.04, '5', '2021-01-17 14:36:51', '2021-01-17 14:36:51'),
('959', 'Enim eum incidunt.', 309.07, '930', '2021-01-17 14:36:52', '2021-01-17 14:36:52'),
('959802', 'Beatae dolores ut.', 600.37, '85749064', '2021-01-17 14:36:50', '2021-01-17 14:36:50'),
('96006', 'Quia numquam.', 845.75, '60550', '2021-01-17 14:36:50', '2021-01-17 14:36:50'),
('960310', 'Ex consequatur est.', 185.14, '601709936', '2021-01-17 14:36:51', '2021-01-17 14:36:51'),
('96064534', 'Consequatur non.', 576.82, '7', '2021-01-17 14:36:51', '2021-01-17 14:36:51'),
('963', 'Quibusdam provident.', 603.25, '1', '2021-01-17 14:36:51', '2021-01-17 14:36:51'),
('9640', 'Autem sed ratione.', 153.87, '4658', '2021-01-17 14:36:50', '2021-01-17 14:36:50'),
('966719', 'Dignissimos et.', 15.54, '4', '2021-01-17 14:36:49', '2021-01-17 14:36:49'),
('9721226', 'Praesentium.', 899.19, '33596907', '2021-01-17 14:36:51', '2021-01-17 14:36:51'),
('97488015', 'Adipisci numquam at.', 634.81, '93976219', '2021-01-17 14:36:51', '2021-01-17 14:36:51'),
('9786', 'Qui earum officiis.', 198.06, '40372', '2021-01-17 14:36:51', '2021-01-17 14:36:51'),
('98', 'Aut qui magnam.', 144.88, '722278', '2021-01-17 14:36:51', '2021-01-17 14:36:51'),
('982', 'Repellat non.', 847.36, '380068', '2021-01-17 14:36:50', '2021-01-17 14:36:50'),
('98218', 'Voluptas voluptates.', 106.28, '90070438', '2021-01-17 14:36:50', '2021-01-17 14:36:50'),
('9847', 'Eos repudiandae.', 446.23, '20071759', '2021-01-17 14:36:51', '2021-01-17 14:36:51'),
('9877445', 'Quia id dolorem et.', 747.83, '47609530', '2021-01-17 14:36:50', '2021-01-17 14:36:50'),
('991', 'Mollitia dolores.', 660.64, '0', '2021-01-17 14:36:50', '2021-01-17 14:36:50'),
('996315', 'Commodi laborum.', 928.65, '5', '2021-01-17 14:36:50', '2021-01-17 14:36:50'),
('99717507', 'Ut non.', 315.04, '59798', '2021-01-17 14:36:51', '2021-01-17 14:36:51');

-- --------------------------------------------------------

--
-- Table structure for table `users`
--

CREATE TABLE `users` (
  `id` bigint(20) UNSIGNED NOT NULL,
  `name` varchar(255) COLLATE utf8mb4_unicode_ci NOT NULL,
  `email` varchar(255) COLLATE utf8mb4_unicode_ci NOT NULL,
  `email_verified_at` timestamp NULL DEFAULT NULL,
  `password` varchar(255) COLLATE utf8mb4_unicode_ci NOT NULL,
  `remember_token` varchar(100) COLLATE utf8mb4_unicode_ci DEFAULT NULL,
  `created_at` timestamp NULL DEFAULT NULL,
  `updated_at` timestamp NULL DEFAULT NULL
) ENGINE=InnoDB DEFAULT CHARSET=utf8mb4 COLLATE=utf8mb4_unicode_ci;

--
-- Dumping data for table `users`
--

INSERT INTO `users` (`id`, `name`, `email`, `email_verified_at`, `password`, `remember_token`, `created_at`, `updated_at`) VALUES
(1, 'Americo Conde', 'user@user.com', NULL, '$2y$10$dhyOtA5ma0qMSPPxFWjHyOZVAx3GQ/3RAUbgpvlH3mLI1S57o2FQ.', NULL, '2021-01-16 20:04:02', '2021-01-16 20:04:02'),
(2, 'Americo Conde', 'americoconde30@gmail.com', NULL, '$2y$10$2.F2MrlMXMQ8sj7ipAjp2uEHtkdeaYWXJrZ383vPFcta9akyNY25e', NULL, '2021-01-17 16:09:51', '2021-01-17 16:09:51'),
(3, 'Americo Conde', 'americoconde33@gmail.com', NULL, '$2y$10$65SS9OGNdRvdCFNm4m6MC.WNNqr/ngnNE/ntcwtLBjASX0RmEK0P6', NULL, '2021-01-17 16:46:11', '2021-01-17 16:46:11');

--
-- Indexes for dumped tables
--

--
-- Indexes for table `brands`
--
ALTER TABLE `brands`
  ADD PRIMARY KEY (`id`),
  ADD UNIQUE KEY `brands_id_unique` (`id`);

--
-- Indexes for table `failed_jobs`
--
ALTER TABLE `failed_jobs`
  ADD PRIMARY KEY (`id`),
  ADD UNIQUE KEY `failed_jobs_uuid_unique` (`uuid`);

--
-- Indexes for table `migrations`
--
ALTER TABLE `migrations`
  ADD PRIMARY KEY (`id`);

--
-- Indexes for table `orders`
--
ALTER TABLE `orders`
  ADD PRIMARY KEY (`id`);

--
-- Indexes for table `password_resets`
--
ALTER TABLE `password_resets`
  ADD KEY `password_resets_email_index` (`email`);

--
-- Indexes for table `products`
--
ALTER TABLE `products`
  ADD PRIMARY KEY (`id`),
  ADD UNIQUE KEY `products_id_unique` (`id`),
  ADD KEY `products_brandid_foreign` (`brandid`);

--
-- Indexes for table `users`
--
ALTER TABLE `users`
  ADD PRIMARY KEY (`id`),
  ADD UNIQUE KEY `users_email_unique` (`email`);

--
-- AUTO_INCREMENT for dumped tables
--

--
-- AUTO_INCREMENT for table `failed_jobs`
--
ALTER TABLE `failed_jobs`
  MODIFY `id` bigint(20) UNSIGNED NOT NULL AUTO_INCREMENT;

--
-- AUTO_INCREMENT for table `migrations`
--
ALTER TABLE `migrations`
  MODIFY `id` int(10) UNSIGNED NOT NULL AUTO_INCREMENT, AUTO_INCREMENT=7;

--
-- AUTO_INCREMENT for table `orders`
--
ALTER TABLE `orders`
  MODIFY `id` bigint(20) UNSIGNED NOT NULL AUTO_INCREMENT, AUTO_INCREMENT=15;

--
-- AUTO_INCREMENT for table `users`
--
ALTER TABLE `users`
  MODIFY `id` bigint(20) UNSIGNED NOT NULL AUTO_INCREMENT, AUTO_INCREMENT=4;

--
-- Constraints for dumped tables
--

--
-- Constraints for table `products`
--
ALTER TABLE `products`
  ADD CONSTRAINT `products_brandid_foreign` FOREIGN KEY (`brandid`) REFERENCES `brands` (`id`);
COMMIT;

/*!40101 SET CHARACTER_SET_CLIENT=@OLD_CHARACTER_SET_CLIENT */;
/*!40101 SET CHARACTER_SET_RESULTS=@OLD_CHARACTER_SET_RESULTS */;
/*!40101 SET COLLATION_CONNECTION=@OLD_COLLATION_CONNECTION */;
